"","logFC","AveExpr","t","P.Value","adj.P.Val","B"
"hsa.mir.21",5.85230746233155,17.4121745519131,29.6203592965824,2.1167247601116e-109,9.31358894449103e-107,238.297473240194
"hsa.mir.328",-5.54085371893256,3.8994777036635,-23.2896876357489,2.97315226758481e-80,6.54093498868659e-78,171.847260536521
"hsa.mir.197",-4.76786957103805,7.91981786742379,-21.5287613354556,5.71269706523082e-72,8.37862236233854e-70,153.06328290065
"hsa.let.7d",-3.45172618531709,9.19571805831168,-19.0987054917858,1.48892208807378e-60,1.63781429688116e-58,127.018318502126
"hsa.mir.139",-5.41686033095298,4.68271528394863,-18.6466518579701,1.91908372361142e-58,1.68879367677805e-56,122.169716266698
"hsa.mir.101.2",5.0239798128187,11.4845546405928,18.4240959162351,2.08650087183226e-57,1.53010063934366e-55,119.710586118308
"hsa.mir.101.1",4.97049259534646,11.4457186548718,18.0994053678584,6.72721913472717e-56,4.22853774182851e-54,116.278340943005
"hsa.mir.1306",-4.29351513494582,2.7407906114064,-18.0499095051766,1.14126535518612e-55,6.27695945352365e-54,115.766998197391
"hsa.mir.766",-4.48627584578997,2.56058946852971,-17.7009139155777,4.70701618236496e-54,2.30120791137842e-52,112.09000024213
"hsa.mir.1976",-4.39072779449142,2.88097939938684,-16.1612456707103,5.20677482989441e-47,2.29098092515354e-45,96.0597495053845
"hsa.mir.125a",-4.00132811523892,8.15658065297808,-15.9492782520757,4.7146572816477e-46,1.88586291265908e-44,93.9269980015762
"hsa.mir.423",-3.1068565557047,7.01680934728099,-15.9175680909555,6.55071473735783e-46,2.4019287370312e-44,93.5913286533258
"hsa.mir.486.2",-6.06887269881721,4.6721139542112,-15.5103324986691,4.39670550139092e-44,1.38768059174033e-42,89.4283106858296
"hsa.mir.6511b.1",-5.04697301581674,-0.521760807580979,-15.5099212529889,4.41534733735559e-44,1.38768059174033e-42,89.2677620326803
"hsa.let.7b",-3.69523129632119,13.1682201374777,-15.4770979143135,6.18834179675181e-44,1.8152469270472e-42,89.0987865529605
"hsa.mir.374a",8.05577030563066,9.56959219208722,15.2947364474946,4.02078475537152e-43,1.10571580772717e-41,86.949924432417
"hsa.mir.484",-2.92881334838967,5.60821530089361,-15.1018143118643,2.88858425022821e-42,7.47633570647302e-41,85.2726582699254
"hsa.mir.486.1",-5.97755713468863,4.66161871690255,-14.8611244582074,3.34142435147911e-41,8.16792619250448e-40,82.8587081469242
"hsa.mir.6511b.2",-4.88741944214826,-0.476995886764959,-14.7525832520147,1.00337316338413e-40,2.3236010099422e-39,81.6454154469027
"hsa.mir.19b.2",6.37173907685306,6.46387231766652,14.2561905095041,1.47568489424476e-38,3.24650676733847e-37,76.6276559654062
"hsa.mir.2355",4.1587384254229,4.96874212233956,13.9160355372558,4.34302776930406e-37,9.0996772309228e-36,73.3058194215342
"hsa.mir.98",4.22032845762061,5.52924179579006,13.846213379479,8.66018780135542e-37,1.73203756027108e-35,72.628369020726
"hsa.mir.149",-4.53569523426278,3.31427658537416,-13.7992227592738,1.37690193482496e-36,2.63407326662167e-35,72.3346434082048
"hsa.mir.19b.1",5.9732566417257,6.70633031762402,13.6807666714569,4.41858059274479e-36,8.10073108669878e-35,71.0284945557024
"hsa.mir.542",5.57279530326371,7.03651906156687,13.6577883028014,5.53733163624807e-36,9.74570367979661e-35,70.8070851468754
"hsa.mir.574",-3.83302642883838,5.69934815187895,-13.5592148893063,1.45543116293785e-35,2.46303735266406e-34,70.0047806429389
"hsa.mir.589",-2.66923175973863,5.72571040457945,-13.4183368465823,5.76162418436072e-35,9.38931348562487e-34,68.6438740065972
"hsa.mir.182",4.42133153828598,13.6915125005953,13.3784912885908,8.49308703811758e-35,1.33462796313276e-33,68.2595548085756
"hsa.mir.374b",4.27328359253995,5.99915161688646,13.2638233019577,2.58708244441511e-34,3.92522853635397e-33,67.0324757249353
"hsa.mir.889",4.42409407074192,3.75901679664389,13.2238281827755,3.81156227716839e-34,5.59029133984698e-33,66.6506708509209
"hsa.mir.324",-2.73351864587244,4.9140119685919,-13.1916963122935,5.20169161958401e-34,7.38304616973214e-33,66.4678568434744
"hsa.mir.141",4.5477226626405,10.6583563086052,13.1158148626329,1.08260275929324e-33,1.4885787940282e-32,65.7392740078031
"hsa.mir.129.1",-5.54765872808521,0.160911288128619,-12.7508809181371,3.57755199022666e-32,4.77006932030221e-31,62.2809363105273
"hsa.mir.129.2",-5.43651639310307,0.307963613902434,-12.7203484420474,4.78382683019451e-32,6.19083472142819e-31,61.9947192952199
"hsa.mir.454",3.66458764095994,2.92888215453017,12.6706827011834,7.66893089949902e-32,9.64094170222733e-31,61.442609279375
"hsa.mir.193b",-3.40133477591406,4.92462988357497,-12.3096232315162,2.30692733688421e-30,2.81957785619182e-29,58.1672502262117
"hsa.mir.29b.1",4.94927890324386,8.47925593383828,12.1542078107574,9.83610677337909e-30,1.1696991838613e-28,56.7068731399242
"hsa.mir.181a.1",-3.12694807599802,8.73382467278218,-12.0757219463353,2.03858948560654e-29,2.36047203596547e-28,55.9950715596869
"hsa.mir.671",-2.77000170746555,2.7359963796882,-12.0580824193079,2.40059949434144e-29,2.70836866028266e-28,55.8607865578058
"hsa.mir.708",5.26843296938586,5.55293504918494,12.0342779357157,2.99251238212279e-29,3.29176362033507e-28,55.5870498305052
"hsa.mir.1224",-5.65504377126107,-0.727655283369729,-11.9616453095818,5.85442117560963e-29,6.2827934567518e-28,54.9773703993016
"hsa.mir.3615",-3.72849586734324,2.05201350581255,-11.91241221225,9.21548012341396e-29,9.65431251024319e-28,54.5347515384812
"hsa.mir.590",5.1052830252801,4.38922595095739,11.6725729822472,8.28413384821005e-28,8.47678812374982e-27,52.3280667301448
"hsa.mir.582",5.42721657884051,8.31566705279559,11.6272234195108,1.25146853404813e-27,1.25146853404813e-26,51.9316619995109
"hsa.mir.424",5.5121207512105,6.79442423024471,11.5070894933057,3.71740095634404e-27,3.63479204620306e-26,50.8554688356726
"hsa.mir.335",4.86782624590818,7.54097362679421,11.3276964988164,1.86760158323433e-26,1.78640151439806e-25,49.2755412840408
"hsa.mir.19a",6.35038930000736,5.40278245961222,11.3083627824107,2.22062158622464e-26,2.0788797828486e-25,49.1019340084667
"hsa.mir.1296",-3.59025747849969,2.07211706080888,-11.2858084462697,2.71706375818309e-26,2.4906417783345e-25,48.9292255234313
"hsa.mir.642a",-4.90264560802832,1.50993427093702,-11.2115979247471,5.26893884589504e-26,4.73129202488534e-25,48.2716074513286
"hsa.mir.99b",-3.14691175848693,13.7044522776803,-10.9766081560658,4.22084237276092e-25,3.71434128802961e-24,46.1489038385035
"hsa.mir.15a",3.56418508452016,6.80782143575091,10.9676071399247,4.56873412036991e-25,3.94165296659365e-24,46.1448100082074
"hsa.mir.126",3.47889104795159,10.9436799230437,10.942603011967,5.69196394307684e-25,4.81627718260348e-24,45.9118816456042
"hsa.mir.148a",3.40042214914616,15.7975779146819,10.9350889099141,6.08032203589095e-25,5.0478145203623e-24,45.8059430375595
"hsa.mir.24.2",1.90017373725287,9.90940769106067,10.902015329702,8.12753489043804e-25,6.62243583665322e-24,45.5550826334076
"hsa.mir.1180",-4.24474903398252,3.08539174539048,-10.8933282886181,8.77052494682975e-25,7.0164199574638e-24,45.4884870755792
"hsa.mir.20a",4.79976101753115,8.8010812303735,10.8060729350127,1.88064957539784e-24,1.45172949679833e-23,44.7620627772624
"hsa.mir.181a.2",-2.52436362770129,9.81728007202692,-10.8098658114594,1.81944848364455e-24,1.42956666572072e-23,44.7240822170743
"hsa.mir.92b",-3.38918728516544,5.82432665236567,-10.7294693673457,3.6632239615519e-24,2.77899748807386e-23,44.0581757131809
"hsa.mir.378a",-2.80793274568084,10.3285477017928,-10.5847967433414,1.28053649124811e-23,9.54976366354525e-23,42.7935928913871
"hsa.mir.15b",-2.46078196073532,7.65472405859906,-10.4666327051169,3.53229045741584e-23,2.59034633543828e-22,41.8128513981977
"hsa.mir.32",3.60019250317718,4.94664606552782,10.3646974260554,8.42941962120114e-23,6.08023710381722e-22,41.0209108003464
"hsa.mir.452",4.77082820187611,6.57044475344262,10.3477345889593,9.73730273024744e-23,6.91034387307883e-22,40.8797550790016
"hsa.mir.193a",-3.45269882986486,6.96474060476141,-10.3362899850656,1.07316468520685e-22,7.49511843636528e-22,40.7132161072866
"hsa.mir.24.1",1.78910957946138,9.88854557820028,10.2855845754689,1.64972907583612e-22,1.13418873963733e-21,40.3130235175464
"hsa.mir.16.1",4.06344298521425,8.1698615236639,10.2476107222538,2.2745732984446e-22,1.52113587496488e-21,40.0509840731422
"hsa.mir.96",4.42920593875037,4.01381815989285,10.2402030449817,2.42143694307727e-22,1.59019739545373e-21,39.9868410920061
"hsa.mir.150",-4.17118506369897,8.37311101100543,-10.2472402340585,2.28170381244731e-22,1.52113587496488e-21,39.9523818394212
"hsa.mir.145",-3.94991277675095,11.0555171227477,-10.2360485628655,2.50788463404013e-22,1.62274888084949e-21,39.8473749136495
"hsa.mir.142",6.35025356990757,10.9365344226767,10.2184358977454,2.90971506988084e-22,1.85547047934431e-21,39.8038085657481
"hsa.mir.16.2",3.97116029026702,8.1999939933404,10.2061714975287,3.22666401381844e-22,2.02818880868588e-21,39.706817453655
"hsa.mir.369",3.40060011005964,3.43132873956699,10.1998292355379,3.40377944795407e-22,2.10938444661942e-21,39.6531450221618
"hsa.mir.4677",3.12847415121355,2.66090585378435,10.1837494076836,3.89727352931689e-22,2.38166715680477e-21,39.5204163099871
"hsa.mir.379",3.80015300264605,9.35365541399965,10.1576566636545,4.85347211999316e-22,2.92538045588629e-21,39.2855641143491
"hsa.mir.3127",-3.55316147031426,2.60197402458799,-10.0466966267137,1.22908464249926e-21,7.30807084729287e-21,38.3634941111686
"hsa.mir.152",3.54838830159241,7.4570206813152,9.99266902630958,1.92778891871377e-21,1.13096949897874e-20,37.9537075715181
"hsa.mir.2110",-3.26650681396222,1.13368565107787,-9.97964028636394,2.1483233348338e-21,1.24376614121957e-20,37.84467737293
"hsa.mir.450b",3.85730509355699,2.91679909195379,9.92495277693837,3.38162774818524e-21,1.93235871324871e-20,37.4039633034655
"hsa.mir.744",-2.63578279060795,5.20867010019985,-9.80891875242069,8.80827444368285e-21,4.96877019900059e-20,36.3988036106634
"hsa.mir.485",-3.29584078380405,1.41593497996252,-9.70755524783451,2.0208181143712e-20,1.12551894977636e-19,35.638417296173
"hsa.mir.4728",-3.84251028146366,-0.187213412601704,-9.62624708829545,3.91797657649809e-20,2.15488711707395e-19,35.0028451842643
"hsa.mir.660",3.87028440472576,5.35954572730707,9.5176459653448,9.43319599242149e-20,5.12420523045118e-19,34.1451700535917
"hsa.mir.3173",-3.52470447807453,-0.666991680950758,-9.41118785717893,2.21803541522451e-19,1.19016534475461e-18,33.3080633270111
"hsa.mir.1307",-2.7089651508313,10.5809755467968,-9.3891123736007,2.64618068135445e-19,1.40279457806742e-18,32.9884650324358
"hsa.mir.337",3.01802972426474,4.47549224067036,9.30161090932015,5.31213330620931e-19,2.78254601753821e-18,32.4538922224387
"hsa.mir.3613",3.59421417718933,3.62222584289537,9.29942936038743,5.40493417061299e-19,2.79784827655261e-18,32.4369825409778
"hsa.mir.133a.2",-4.70225454281266,2.64485959843646,-9.09167618095606,2.77742704699681e-18,1.42100918683558e-17,30.744036854962
"hsa.mir.3940",-3.78874615394208,0.60078366823847,-9.08053514996658,3.03009955590852e-18,1.5324641432181e-17,30.7299388609093
"hsa.mir.1226",-3.57722988327718,0.0508550863270801,-9.07180153045641,3.24397923104693e-18,1.62198961552347e-17,30.6763647298062
"hsa.mir.135b",6.6136285581072,5.8522885370809,9.0301554615466,4.48807096785218e-18,2.21882160208422e-17,30.3665330574643
"hsa.mir.144",5.14546033843706,5.69084952052865,9.01190467040266,5.17253976557557e-18,2.50100823830028e-17,30.2277561615903
"hsa.mir.30b",2.78927276304417,8.17147775977763,9.01533117975805,5.03659335542238e-18,2.46233452931761e-17,30.1992108686334
"hsa.mir.136",4.17899176748751,4.74645449285698,8.97615169914638,6.82679850794548e-18,3.26499059075653e-17,29.9564868799539
"hsa.mir.605",-3.31410262986021,-0.76536367277248,-8.93566532909888,9.33877456587327e-18,4.41834495589703e-17,29.6500085383803
"hsa.mir.505",-1.7486029814638,5.68027674389335,-8.87934066269469,1.44175868834572e-17,6.74865769012888e-17,29.1218513959851
"hsa.mir.495",2.68886223487444,2.54080887330644,8.84967245755825,1.81094977863351e-17,8.38755686946046e-17,29.0030246842917
"hsa.mir.203a",3.99950579735483,13.9441487160644,8.80122983254639,2.62473680610123e-17,1.20300436946306e-16,28.4898329138553
"hsa.mir.652",-2.15563681655362,4.74328149476437,-8.77688997464262,3.16110425200785e-17,1.43390295967366e-16,28.3599677917056
"hsa.mir.7706",-2.99002420440769,1.05094761998628,-8.74276755427593,4.10002584714893e-17,1.82223370984397e-16,28.1851671768895
"hsa.mir.140",-2.2185332519358,9.23818872129436,-8.76156304697646,3.55311996303363e-17,1.59527835074979e-16,28.174174994005
"hsa.mir.433",-3.27219129868087,0.267485718811273,-8.60226389693963,1.18748783848611e-16,5.22494648933888e-16,27.1542427118547
"hsa.mir.874",-2.98137182517102,4.0466762094764,-8.59720602945522,1.23355052728772e-16,5.37388348521384e-16,27.0203955968777
"hsa.mir.429",3.22864256939764,8.43921164986707,8.55905304875087,1.64289806842987e-16,7.08701127557984e-16,26.7843298382547
"hsa.mir.17",2.73918777981697,10.268902461645,8.51376176514626,2.30591296203204e-16,9.85050197372912e-16,26.3935855606576
"hsa.mir.133a.1",-4.56698285521403,2.80697899591423,-8.47636957404774,3.0477618824386e-16,1.28943771949326e-15,26.1268269154217
"hsa.mir.92a.1",-2.47071509969388,13.1461202811856,-8.27211097252612,1.37722369676588e-15,5.77122311025701e-15,24.5494298883381
"hsa.mir.375",-3.71741719693871,14.2306325752065,-8.2609688677766,1.49419232603778e-15,6.20230776845873e-15,24.4557327444247
"hsa.mir.92a.2",-2.27168040623635,12.9185190678218,-8.1558970376686,3.21042012948716e-15,1.32017276352743e-14,23.7205575231468
"hsa.mir.326",-3.11602610153301,1.80611044118165,-8.06634578780863,6.12664475923764e-15,2.49604045746719e-14,23.2576053200114
"hsa.mir.200c",-2.1332687049685,13.3815479731913,-7.99378813070319,1.03031372879645e-14,4.15906459330678e-14,22.5726769206223
"hsa.mir.125b.1",-3.11577115471803,6.66338756607618,-7.95887397054743,1.32149568790021e-14,5.28598275160085e-14,22.3817188897427
"hsa.mir.3917",-3.23708251482838,0.507518061611243,-7.86585989621244,2.55474211391963e-14,1.01269056767985e-13,21.9028207300905
"hsa.mir.1249",-3.0226478848221,0.399519558178642,-7.8465580627681,2.92714613481827e-14,1.14995026725004e-13,21.7784299847144
"hsa.mir.7.1",3.07591904843748,5.6248868457713,7.83414114377426,3.19451742641258e-14,1.24388289170047e-13,21.7035900997397
"hsa.mir.340",2.78405448972783,4.03697199952844,7.73073238149911,6.58895169970319e-14,2.54310416479772e-13,21.000499438302
"hsa.mir.26b",1.85628415639198,9.16087703565977,7.72071070007429,7.06516298963664e-14,2.70319279603489e-13,20.7830330503448
"hsa.mir.125b.2",-3.08146446262659,6.70800326899097,-7.71143257569561,7.53621808847717e-14,2.85856548183617e-13,20.6740882714181
"hsa.mir.132",-2.22931511425199,6.29442804689081,-7.68179764370797,9.25804198943202e-14,3.48165681653854e-13,20.4934981337583
"hsa.mir.411",3.39886380912579,2.69538075097476,7.63221622254223,1.30454990055097e-13,4.82354585077671e-13,20.3355099837234
"hsa.mir.10a",2.72122444665248,15.9005562846883,7.65729129356158,1.09704801170846e-13,4.0906875012858e-13,20.2663164865671
"hsa.mir.153.2",4.96235533509979,4.75927393212456,7.55022438050438,2.29180976143161e-13,8.40330245858258e-13,19.7862688588769
"hsa.mir.301a",3.74728440726318,3.38188359265408,7.50721461239769,3.07435904214416e-13,1.11794874259788e-12,19.5006378928945
"hsa.mir.376c",3.0133229587838,2.23983693670906,7.4793252297993,3.71695366570021e-13,1.34054066631811e-12,19.3163016120624
"hsa.mir.7702",-3.80611212143304,-0.347510614418793,-7.4761277482015,3.79859647773269e-13,1.35884752048974e-12,19.2790451853749
"hsa.mir.203b",5.48549576181748,7.01977628287496,7.45432301070136,4.40442751042602e-13,1.55035848366996e-12,19.1500330260911
"hsa.mir.339",-2.20957669003484,5.23642776605391,-7.45617072553273,4.34959767199298e-13,1.5434056255459e-12,19.0034982077464
"hsa.mir.1468",-2.69758927869782,2.02260774123238,-7.32383986318679,1.06046918857094e-12,3.70322573786678e-12,18.2273645272754
"hsa.mir.331",-1.95959157913656,4.544722979122,-7.31334584302819,1.1375391881054e-12,3.94108065170376e-12,18.0882100155955
"hsa.mir.3150b",-3.84350312066454,1.00423071338507,-7.23807173077896,1.87733058214046e-12,6.45332387610782e-12,17.6676804052578
"hsa.mir.4676",-2.76522382841899,-0.236387654020776,-7.19084380474131,2.56549641898194e-12,8.75053042133376e-12,17.4360251063318
"hsa.mir.370",-2.0699434102741,2.95911263994495,-7.13890878774263,3.61022549610392e-12,1.22192247560440e-11,17.016742021804
"hsa.mir.1228",-2.68534100903075,-0.250969463507594,-7.09643140041708,4.76722100094438e-12,1.6012040003172e-11,16.8343796096931
"hsa.mir.29b.2",2.26697355800659,8.55622334625714,7.09444845057387,4.82933980277865e-12,1.60977993425955e-11,16.6775691823267
"hsa.mir.3605",-2.85290585562402,1.24040598534262,-7.0748936868801,5.4861636427904e-12,1.81497143069758e-11,16.6560589701015
"hsa.mir.296",-3.44517203252603,1.67370961405593,-7.0669445327257,5.77760523862673e-12,1.89712410820579e-11,16.5587823843138
"hsa.mir.342",-2.22380971155362,6.00949415250946,-6.99499979703742,9.21106667349365e-12,3.00212543432385e-11,16.0002189919671
"hsa.mir.3074",-2.38610287428861,2.62107992365733,-6.96984404452415,1.08332356614686e-11,3.50487036106339e-11,15.951848316747
"hsa.let.7g",1.22752461997467,9.22051456363715,6.96633436845437,1.10808060566459e-11,3.5587990254921e-11,15.8233440849864
"hsa.let.7a.2",-1.57688165159403,12.4643104968875,-6.94434356831062,1.27635384080269e-11,4.06953398516799e-11,15.6036356484608
"hsa.let.7a.1",-1.58547862896943,12.4912424557756,-6.84624711670185,2.38794457934923e-11,7.55896125837166e-11,14.9911282597205
"hsa.let.7a.3",-1.59533452326969,12.5334359077611,-6.79403356081203,3.32352311713649e-11,1.04453583681433e-10,14.6677680883443
"hsa.mir.183",2.23681648309262,12.6938911051119,6.78093555906591,3.60977610863785e-11,1.12645495588699e-10,14.6219301902717
"hsa.mir.28",-1.24399065188418,12.2545857045778,-6.77863739602746,3.66243924191769e-11,1.13484032848154e-10,14.5774289031365
"hsa.mir.6892",-2.56227686873761,0.780520558718137,-6.72772901164542,5.04290228222152e-11,1.54088680845658e-10,14.5275352614296
"hsa.let.7c",-3.18549887050469,8.35493692788222,-6.74751651747997,4.45435880946471e-11,1.37057194137376e-10,14.4021987989935
"hsa.mir.501",-2.15679574449641,5.6111912629572,-6.69706237366347,6.10888805831561e-11,1.85373154873025e-10,14.1654654354758
"hsa.mir.432",-2.42112701490011,2.2641535483883,-6.65957970339582,7.71521820171294e-11,2.29371351942817e-10,14.0497234837295
"hsa.mir.361",-1.73669352303946,8.04735097214408,-6.67974118035383,6.8056473883035e-11,2.05101702113256e-10,14.0165201506686
"hsa.mir.30e",1.54300108442339,13.0528200950019,6.67849362829086,6.85873838609325e-11,2.05295570740206e-10,13.9796378793224
"hsa.mir.3928",-2.67089189379173,0.36891119093331,-6.62648658462724,9.47303041437093e-11,2.79740495457934e-10,13.9249798219316
"hsa.mir.5010",-2.4289873031139,-0.409034307957311,-6.59684215628465,1.13774004349795e-10,3.33737079426065e-10,13.7568941920094
"hsa.mir.190a",2.41602702070165,2.39189785903528,6.5223080354174,1.79812055085889e-10,5.23955657203916e-10,13.3129950190859
"hsa.mir.577",5.8742611888295,5.64901788088432,6.48461958351864,2.26281983570569e-10,6.50745573666996e-10,13.0891875772209
"hsa.mir.217",3.97805159449371,4.64136602929648,6.4648733723659,2.5513597384562e-10,7.289599252732e-10,12.9732572252341
"hsa.mir.2116",-2.37962298306043,-0.400813832878774,-6.45784530826019,2.66251714736854e-10,7.55811319253006e-10,12.9333996234457
"hsa.mir.143",2.65243446364494,16.4955431119457,6.5018264228262,2.03764456078724e-10,5.89844478122623e-10,12.8991421875367
"hsa.mir.6842",-2.52530755117202,1.2557689001259,-6.36033887931845,4.79284088113044e-10,1.35182691519064e-09,12.3267636533817
"hsa.mir.10b",1.87521572222936,14.9785522868172,6.35537683735308,4.93744646980042e-10,1.38374295968929e-09,12.0419895782979
"hsa.mir.27a",1.78029363555734,10.5877494913548,6.3098067143516,6.4816116351987e-10,1.80500577182749e-09,11.8368082916686
"hsa.mir.421",2.56289357634394,2.02937811469833,6.2249516291326,1.07135084035046e-09,2.9647444638629e-09,11.5860849918195
"hsa.mir.490",-4.63613860848118,0.0256359247161003,-6.21903866159451,1.10930703765868e-09,3.05059435356138e-09,11.467000734415
"hsa.mir.628",3.89115594835915,3.70625066515491,6.16615507810567,1.51275180936138e-09,4.08350181668102e-09,11.2517478979606
"hsa.mir.151a",1.45656851521993,11.1389531972882,6.19173322944885,1.30234194540767e-09,3.55919537875387e-09,11.1420712736099
"hsa.let.7f.1",2.86383822595315,11.2868583961599,6.16302978826818,1.54063639427724e-09,4.13341471635356e-09,11.0029894446426
"hsa.mir.127",-1.6720987842537,9.53543344128693,-6.16774316968638,1.49877216854062e-09,4.07073922319676e-09,10.9799140417857
"hsa.mir.493",1.86740865786977,3.63146987673972,6.11759504025679,2.00749917008821e-09,5.3210821375832e-09,10.9781634806515
"hsa.let.7f.2",2.92489338366107,11.3522883458235,6.12963263781208,1.87182591213425e-09,4.99153576569132e-09,10.8136956361942
"hsa.mir.22",1.50553536195571,15.4022752419137,6.06933869774069,2.65460191334821e-09,6.99416072977971e-09,10.3995533122745
"hsa.mir.450a.2",2.27681774434128,1.35557100635105,5.88694481631616,7.50960137943934e-09,1.95516248932148e-08,9.70637572677003
"hsa.mir.199b",2.52865708057092,11.2534148431326,5.92007149341801,6.22906432853208e-09,1.63142160985364e-08,9.6398937361899
"hsa.mir.598",3.00277994590018,3.33768402772642,5.83233577005811,1.02013262450461e-08,2.62490265954403e-08,9.40994792053125
"hsa.mir.188",2.42300726602432,2.60123459130222,5.80646747177188,1.17848914920284e-08,3.01473968400727e-08,9.27130075860419
"hsa.mir.26a.1",1.23691739870754,9.57450423247757,5.84768868327087,9.3617132886655e-09,2.42303167471342e-08,9.25514474334737
"hsa.mir.431",-1.77915716633959,3.19501818622967,-5.80264265765696,1.20385008343916e-08,3.06181524111693e-08,9.13772523053124
"hsa.mir.760",-2.54865732482399,-0.111986244578305,-5.7737007349476,1.41377785554943e-08,3.57507043932039e-08,9.09515238087972
"hsa.mir.487a",-2.17719681883626,0.331749901567429,-5.75832360577864,1.53941445564274e-08,3.87052777418746e-08,9.01238303762311
"hsa.mir.194.1",1.6212832152619,12.8542429157058,5.68996656944132,2.24257134483265e-08,5.60642836208163e-08,8.3520075896481
"hsa.mir.34a",1.79608396496484,6.66921112460888,5.6180294635093,3.31872225864668e-08,8.20358311126145e-08,8.16311491690162
"hsa.mir.192",2.46692687833908,15.8172147242638,5.65720009345403,2.68226174131987e-08,6.66776930045618e-08,8.15894408850867
"hsa.mir.937",-2.50444106699637,1.14442219892386,-5.5905863795645,3.84983454043018e-08,9.41070665438489e-08,8.09444553913311
"hsa.mir.1266",-2.40017311108195,3.57712261659269,-5.6110757376601,3.44612898881678e-08,8.47093159262226e-08,8.07044020829948
"hsa.mir.187",-3.32485418232816,-0.421404854596299,-5.53623056951096,5.15672592692914e-08,1.25356873361813e-07,7.84362362261399
"hsa.mir.592",4.99751262832982,4.04909963477975,5.47508617255824,7.14399446515069e-08,1.71768172932585e-07,7.53673830650808
"hsa.mir.450a.1",2.229157396798,1.30309078169504,5.45476309847555,7.95625462138494e-08,1.90258262685292e-07,7.43491911904434
"hsa.mir.26a.2",1.20365028945022,9.58431066843903,5.4853915853926,6.7635018036803e-08,1.63513230418645e-07,7.34027313617594
"hsa.mir.215",4.21516918244956,8.99866589829407,5.45040845365989,8.1416230728282e-08,1.93638602813211e-07,7.30181879571178
"hsa.mir.3677",2.37616231086794,2.98070316059025,5.39780495477837,1.0740335979481e-07,2.51369565477214e-07,7.14585760232979
"hsa.mir.30c.2",-1.13747309460806,7.46079138740037,-5.44689282728471,8.29433073617455e-08,1.96209974404129e-07,7.13931278813734
"hsa.mir.191",-1.15922100219083,9.43578851151334,-5.42901039179213,9.11518181178875e-08,2.14474866159735e-07,7.00773881490026
"hsa.mir.29c",2.17916634832021,9.66464874895554,5.36828505118618,1.25345901189951e-07,2.91810563616817e-07,6.76900831098119
"hsa.mir.887",-1.9242126211158,0.987196022213433,-5.25680504004073,2.23222555011737e-07,5.16936443185075e-07,6.43513206545933
"hsa.mir.1.1",3.85800940604614,3.54602828066484,5.16334497026787,3.59333679942219e-07,8.27784393584169e-07,5.98787834910961
"hsa.mir.95",2.50906506980432,3.59936657903312,5.15529620277156,3.74248725179551e-07,8.53209528906749e-07,5.9490615526199
"hsa.mir.323a",-1.82844175775159,1.71004876757937,-5.15212714337603,3.80284235510733e-07,8.62500327962487e-07,5.90062514210144
"hsa.mir.3653",-2.14009165814256,2.79674871196258,-5.15841335274679,3.68402604285262e-07,8.44255968153724e-07,5.854040032318
"hsa.mir.651",2.1557406139409,1.48098778289174,5.12529908859575,4.35296777488158e-07,9.77196847422396e-07,5.80568608737237
"hsa.mir.3614",-2.26110641944521,1.64524233731651,-5.12766445586274,4.30152287402962e-07,9.70600033114377e-07,5.76217101170473
"hsa.mir.181b.2",-1.57745399316087,6.34856771522132,-5.11022545080716,4.69507301665673e-07,1.04864574991318e-06,5.48731692281306
"hsa.mir.7.2",2.58930196585508,1.67687751141736,5.03118192955471,6.96020624629482e-07,1.53894007455765e-06,5.35677062073859
"hsa.mir.6715b",-2.44542169438688,-0.112674595179368,-5.02925157731165,7.0270002953254e-07,1.54594006497159e-06,5.34683130141094
"hsa.mir.1.2",3.7721871455995,3.62657124629902,5.00201302985039,8.03818493588395e-07,1.75089176821235e-06,5.21791196701153
"hsa.mir.186",1.01907542972484,8.06159558946623,5.03630341198082,6.78595328980847e-07,1.50798961995744e-06,5.15685991473982
"hsa.mir.552",4.53834028330403,6.83947362891675,4.97035620162042,9.39043195430891e-07,2.02538728426271e-06,5.0661229580827
"hsa.mir.30d",-1.07818903749293,12.2179571419728,-5.01214137043749,7.64676703054722e-07,1.67391915096556e-06,4.92599373612618
"hsa.mir.218.2",2.45935105118291,2.67162351105219,4.93510800874619,1.11546020883846e-06,2.39415849701913e-06,4.905662973774
"hsa.mir.320a",-1.88809114807847,8.45182659505351,-4.99601492602226,8.27904026824206e-07,1.79447178227907e-06,4.88645284890072
"hsa.mir.185",1.28766663425436,5.69554359265697,4.89304310017228,1.36805056047787e-06,2.92204974082651e-06,4.61872598324862
"hsa.mir.219a.1",-1.6635963650674,1.83275832901022,-4.85523014613641,1.64153371770435e-06,3.48925041444403e-06,4.50337589211042
"hsa.mir.1287",-1.15859322794696,4.04112923005551,-4.83880041521186,1.77615124864952e-06,3.75724302598936e-06,4.32047903817634
"hsa.mir.4662a",2.69625586149248,2.73347749885842,4.77493544349713,2.40778778077122e-06,5.06902690688679e-06,4.17207873200359
"hsa.mir.1292",-1.71202603796629,-0.59193320963627,-4.73034159031361,2.97176740397836e-06,6.22656027500228e-06,3.9734194295909
"hsa.mir.18a",2.18889669829752,4.72926981664895,4.69936817325515,3.43616728932371e-06,7.13166795897374e-06,3.82815067534163
"hsa.mir.199a.2",1.85442659134628,10.7752526740363,4.72230448476722,3.08610694417569e-06,6.43548367505831e-06,3.65168985167773
"hsa.mir.615",-2.93390194812766,-0.349887801870876,-4.6226199422375,4.9072150279762e-06,1.01369700108429e-05,3.49267133750086
"hsa.mir.5001",-1.66847404051104,-0.37110515746699,-4.6128328988278,5.1335431308011e-06,1.05058557095464e-05,3.45372933220195
"hsa.mir.181b.1",-1.30091022344202,6.58245089894719,-4.61673472046111,5.04213565002586e-06,1.03670078785578e-05,3.21308992022314
"hsa.mir.33a",2.64100370174174,5.38582432107055,4.53610976255528,7.28992406857736e-06,1.48498453248798e-05,3.11001745199683
"hsa.mir.653",2.9341159801126,2.0577434433601,4.52025578744444,7.83301124648776e-06,1.58826034490996e-05,3.05153363283572
"hsa.mir.664b",-1.61860362720621,1.23567373092566,-4.46455292672728,1.00657135610877e-05,2.0316119114122e-05,2.80486878432523
"hsa.mir.664a",-1.33030162731813,3.85490011212712,-4.44318361224718,1.10745950751963e-05,2.21491901503927e-05,2.57612002330646
"hsa.mir.409",-1.06563361248854,4.94178200633724,-4.45299687713607,1.05998200423673e-05,2.1296442094254e-05,2.57057893401072
"hsa.mir.4746",-2.00264250897472,1.39516200347694,-4.35349658901672,1.64669767628101e-05,3.27849311114771e-05,2.31823028568625
"hsa.mir.7.3",2.20615256079984,1.66859270747635,4.3209491031022,1.89849063891803e-05,3.76277423929699e-05,2.21381450258142
"hsa.mir.576",1.58700104422994,3.36798311758055,4.31217326803208,1.97243978262614e-05,3.87443528730136e-05,2.17620704272536
"hsa.mir.1301",-1.34851256800387,2.51218614712288,-4.28756093501258,2.19480232387783e-05,4.29205787780553e-05,2.01638192473238
"hsa.mir.205",-3.59744379952056,-0.437973305299802,-4.27261855762203,2.34127105144413e-05,4.55822682582042e-05,1.99799456792769
"hsa.mir.365a",-1.38286314383878,4.54957566259319,-4.31496889446257,1.94858892675501e-05,3.8447494518933e-05,1.99495364476999
"hsa.mir.223",2.12051297338239,8.01126273025234,4.25023974515332,2.57820464695652e-05,4.99740107780119e-05,1.72938718977491
"hsa.mir.496",1.66206257885429,1.13583122880811,4.17626285577151,3.53508343480727e-05,6.82209083910174e-05,1.62767312913978
"hsa.mir.451a",2.15191528522542,7.66244219540113,4.17153054298737,3.60661855206431e-05,6.92974743628078e-05,1.43249374963143
"hsa.mir.4326",-2.57625884433201,2.08022697850301,-4.13741851457383,4.16458795804304e-05,7.96703783277798e-05,1.36056260104204
"hsa.mir.199a.1",1.48657687090384,9.92953303333777,4.12628529775285,4.36383285484483e-05,8.31206258065682e-05,1.14273406091956
"hsa.mir.130a",1.38748952385242,5.03983986774499,4.0573309474085,5.81503467699287e-05,0.000110285140425727,1.10869678504386
"hsa.mir.106a",3.00499588674759,4.56783469231644,4.0421569089168,6.19090241452857e-05,0.000116909745167063,1.09836618682226
"hsa.mir.767",-3.3771045848902,-0.265101481310507,-4.01881793492161,6.81437260857583e-05,0.000128133502041597,0.993467598178369
"hsa.mir.5000",1.45132708782375,0.754127371628281,3.99902692581504,7.38932228865362e-05,0.000138353268383302,0.934729957091525
"hsa.mir.5091",-1.66023495020261,-0.42538125917046,-3.97652648545087,8.09884002644846e-05,0.000150995322527005,0.849154670619579
"hsa.mir.2277",-1.56395432368653,-0.293682692150996,-3.90095262831165,0.000109846479231778,0.000203077524630177,0.563634313030182
"hsa.mir.4668",1.83338690020205,0.964328177128073,3.8885146727012,0.000115442814857082,0.000212530705176218,0.516628420922606
"hsa.mir.877",-1.78322422170158,0.839399205219062,-3.85659963029337,0.00013106243930378,0.00023928412155047,0.392674430724262
"hsa.mir.891a",-2.10872614534095,-0.168060076976701,-3.85240285824637,0.000133259154956005,0.000242289372647281,0.382261871788966
"hsa.mir.1275",-1.73011368376582,-0.738350461554947,-3.85047107434374,0.000134281963360417,0.000243144295796639,0.375789064313723
"hsa.mir.365b",-1.28060113168828,4.53501874002392,-3.90235542683924,0.000109231668921468,0.000202792971837325,0.372820244410184
"hsa.let.7e",-1.39204018796441,8.81358712820289,-3.86994588396303,0.000124301942271278,0.000227886894164009,0.116474629446739
"hsa.mir.133b",-2.61459654020577,1.03926592842096,-3.77369396662636,0.000181495557353319,0.000324626200144149,0.0458439201624339
"hsa.mir.330",-1.36885300706356,4.46467175650504,-3.7878363983664,0.000171762723382545,0.000308471829748243,-0.0530677791163603
"hsa.mir.196a.2",2.36276306809792,6.72347397101119,3.75235673182495,0.000197169337672028,0.000351232828241669,-0.0859768035693032
"hsa.mir.30c.1",-0.843772693935681,7.38223996686901,-3.80146897548368,0.000162848625750845,0.000293661456272016,-0.089814755064296
"hsa.mir.224",1.79324339651446,6.04350977401207,3.72880632654279,0.000215946639330145,0.000383131134295418,-0.161410477638185
"hsa.mir.33b",2.01029048906011,2.21529820723678,3.68399489588247,0.000256417111812899,0.000451294116790702,-0.228823182763882
"hsa.mir.301b",1.73783109710974,1.07065850199027,3.6114191793,0.000337421750921599,0.00058682043638539,-0.483081290301174
"hsa.mir.455",-1.51413725553038,7.65289715022224,-3.69688584884318,0.000244097645298331,0.000431337204543236,-0.493717727452951
"hsa.mir.4638",-1.47832426742089,-0.426810419788205,-3.58942683076484,0.000366363133847486,0.000627236493746668,-0.558840188108389
"hsa.mir.627",1.47450435294695,1.04076263229671,3.5655963630795,0.000400343303540661,0.000682756021542212,-0.641653689910338
"hsa.mir.1271",-1.52038526464089,1.00378695869846,-3.56063631068576,0.000407777674975426,0.00069274971810497,-0.662456966956368
"hsa.mir.338",1.85756862982117,8.41421719835661,3.61613945562694,0.000331496334627516,0.00058110911249445,-0.703307928769783
"hsa.mir.382",1.02676799016428,4.21109940571873,3.54475517458759,0.00043246059586175,0.000731856392996809,-0.740128402848882
"hsa.mir.146a",1.52130056922262,7.5257670919105,3.59111375492364,0.000364063260492591,0.000625733728971641,-0.764660161157964
"hsa.mir.376a.1",1.36980941177506,0.481526078961079,3.52258897903582,0.000469258486652595,0.000791087103935409,-0.788493677789944
"hsa.mir.500a",-1.08769424853338,8.25043078565815,-3.6121926984004,0.000336443980924232,0.00058682043638539,-0.798417953571278
"hsa.let.7i",-0.723250083333822,8.47454024845905,-3.60671360074409,0.00034342755741581,0.000594913878988017,-0.814854982654096
"hsa.mir.23a",0.83640209773967,11.7728554692037,3.60022263002743,0.000351876867951275,0.000607160085876711,-0.874573357121267
"hsa.mir.655",1.40627252042572,0.697783022726564,3.47986686910165,0.000548587411678729,0.000917788825622209,-0.933032083193436
"hsa.mir.3193",-1.36951759222862,-0.733851090528768,-3.46016036191092,0.000589256314008409,0.000982093856680681,-0.998776293542313
"hsa.mir.214",-1.18874623628492,4.30684589197331,-3.51279350521631,0.000486436235972399,0.000816915816136854,-1.00327045426656
"hsa.mir.639",-1.42230633676001,-0.445506180989184,-3.35405537944476,0.000861028595409209,0.00142425782699268,-1.34830815809394
"hsa.mir.25",0.746922792676513,12.871653550961,3.45109308858337,0.000608899497281615,0.00101100293888268,-1.40258899027686
"hsa.mir.218.1",1.5650080895235,2.79462305414437,3.26597245477044,0.00117092727529544,0.00192961798176028,-1.63245871683134
"hsa.mir.376b",1.31412192688335,0.608821448526906,3.25380411794516,0.00122107959266022,0.0019973049099275,-1.66942879053059
"hsa.mir.758",1.33573388473916,3.74129546858094,3.25415947973835,0.00121958716727887,0.0019973049099275,-1.67427908319716
"hsa.mir.3130.2",-1.65440964513029,1.4825090679247,-3.21967831612668,0.00137254480304748,0.00222848602708816,-1.7977073868668
"hsa.mir.107",0.856097202781913,5.85291735509646,3.24459831960623,0.00126033625426947,0.00205388130325396,-1.85252972787546
"hsa.mir.181d",1.82462929095506,3.78069135475243,3.17256833054621,0.00161030424083002,0.00260211908427218,-1.92581439366377
"hsa.mir.1245a",1.37539459421685,0.493915871274172,3.17073909442249,0.00162026121266592,0.00260211908427218,-1.92811990458512
"hsa.mir.4521",-1.37372653814411,-0.534217621344747,-3.12585117045275,0.00188313921037615,0.00299126805980327,-2.06500230538381
"hsa.mir.939",-1.0966436359739,0.532557097483528,-3.07663855723204,0.00221613004757895,0.0035075439601969,-2.21355200390156
"hsa.mir.3651",-1.65154730708326,0.834262975892651,-3.05916237333391,0.00234685392268595,0.00370113163434343,-2.26919831169064
"hsa.mir.494",1.20217768012713,0.507977435252839,3.05205447234163,0.00240201976558651,0.0037746024887788,-2.28668169633858
"hsa.mir.29a",0.778696140319485,12.9720073789146,3.17071174351031,0.00162041052066041,0.00260211908427218,-2.30777278604554
"hsa.mir.106b",-0.611908745745743,9.17336397187712,-3.1422798315791,0.00178267604697079,0.00285228167515326,-2.35198348170399
"hsa.mir.625",-1.24566912495397,8.63181256968897,-3.12585495278439,0.00188311549223712,0.00299126805980327,-2.40330006581934
"hsa.mir.4449",-1.58716042497514,0.425668079404118,-2.96572570056194,0.00317398114280426,0.00496993488552981,-2.53992762138736
"hsa.mir.204",-2.11579878985692,0.832198780071812,-2.95188958650337,0.00331695407107453,0.00517538933075458,-2.59391934402697
"hsa.mir.3652",-1.38986978409804,0.748443699722425,-2.88996261192671,0.00403176584844208,0.00624639779336097,-2.75627987971185
"hsa.mir.5586",1.18609416302558,0.306948979626768,2.88029492699357,0.00415523765692514,0.00641510375104232,-2.78221900102272
"hsa.mir.497",-0.94360086414199,3.40350510913943,-2.89702099327183,0.00394373951305032,0.00613160913689803,-2.83991876699212
"hsa.mir.147b",1.62681798419356,1.83341148454102,2.80125136374091,0.00530126311762226,0.00812737202701671,-3.00192203030204
"hsa.mir.3130.1",-1.38090854319412,1.52540918930857,-2.79825521906365,0.00534986159593273,0.00817339966045278,-3.02176000093059
"hsa.mir.584",1.3289972477858,7.96563054582518,2.82474149322848,0.00493389295688857,0.00759060454905935,-3.18769397732413
"hsa.mir.4664",-1.15707049724074,-0.501887777591417,-2.71501077522462,0.00687220614347948,0.0103498993292116,-3.23278261399083
"hsa.mir.1277",1.19052625709195,0.310242232756488,2.71403836606472,0.00689209205331593,0.0103498993292116,-3.23554707246202
"hsa.mir.1248",-1.20639185534888,1.57242983520557,-2.67580956880723,0.0077161669664046,0.0115088592041289,-3.34575654877375
"hsa.mir.483",-2.7308268424569,1.49210937412394,-2.68927253715748,0.00741635764263186,0.0110993107576803,-3.39146604810529
"hsa.mir.130b",-0.663509947154422,5.32082300819601,-2.73047367915677,0.00656286168569231,0.00992322729108116,-3.41000486765101
"hsa.mir.23b",-0.743169461683685,10.0407075818928,-2.7570059473762,0.00606121965122801,0.0092281544862987,-3.48553117965385
"hsa.mir.196b",1.63522656018595,11.098330628568,2.74418725063026,0.00629908611448495,0.00955723410473578,-3.49285031604653
"hsa.mir.940",-1.10970839360765,1.4381288099099,-2.57014480672038,0.0104737328713549,0.0155166412908962,-3.61230272229832
"hsa.mir.579",-1.02138965326302,-0.569884721836503,-2.51519540052333,0.0122304243480717,0.0179979488734165,-3.74325703872159
"hsa.mir.6718",-1.10983728168386,-0.568876870373032,-2.50182501152911,0.0126956294254977,0.0185731785466359,-3.77603685642143
"hsa.mir.3200",-1.20044644954211,1.66154712908053,-2.50153921450356,0.0127057425966759,0.0185731785466359,-3.78974251109852
"hsa.mir.151b",-0.945745520376764,-0.0437432760370028,-2.49618265330297,0.0128966170800076,0.0187897732291501,-3.78980166925186
"hsa.mir.153.1",1.25133151750135,0.365827831724659,2.49040479503351,0.0131053532057571,0.0190308759423536,-3.80410660902707
"hsa.mir.196a.1",1.44557000872206,6.73303237471056,2.55570494945349,0.0109120905282421,0.0161118115182099,-3.82311969116291
"hsa.mir.363",-1.45136437489201,1.29093354381437,-2.47236718353833,0.0137764096064509,0.0199395402198632,-3.85712534179969
"hsa.mir.200a",0.723322019564339,11.1712638821251,2.59295207448477,0.00981332519976881,0.0145873752969536,-3.91016547894396
"hsa.mir.549a",1.154336397671,0.280635998212916,2.42743060075277,0.0155822753563216,0.0224793480550214,-3.95560012378962
"hsa.mir.31",2.24846374109888,2.58746763622713,2.41668451651604,0.0160439265433827,0.0230696982976745,-3.98271031860258
"hsa.mir.3934",-0.957271393874199,1.23592483042167,-2.40680328625922,0.0164790257097997,0.0236181475971071,-4.00626464563367
"hsa.mir.383",-1.25687033000748,-0.752185287210273,-2.39321899734393,0.0170941411902271,0.0244202017003244,-4.03617205808572
"hsa.mir.556",1.0407488848431,0.165782006386587,2.36296989979596,0.0185369413964974,0.0263104974659964,-4.1067462756459
"hsa.mir.1269b",-2.2514841797554,-0.452334755926828,-2.35790260572599,0.0187888185832314,0.0265822513717743,-4.11866859073792
"hsa.mir.412",1.42638166752329,1.90016025460826,2.35651916618931,0.0188581042323424,0.0265947623789444,-4.1226704349167
"hsa.mir.935",-1.72746986699238,1.81896907566742,-2.37493538750876,0.0179539106767275,0.0255654391513272,-4.12599941566887
"hsa.mir.1291",-1.0833030168254,-0.0747972502558272,-2.34044588403575,0.0196796689725386,0.0276647103767316,-4.1584387683428
"hsa.mir.105.2",-2.03503203501672,-0.328338438031294,-2.33442023043915,0.0199956493813071,0.0280193812986469,-4.17249915860069
"hsa.mir.543",-0.823233688166642,0.380784721130683,-2.29696218001179,0.0220613668095806,0.0307889442824015,-4.25732001593409
"hsa.mir.508",1.72664433085825,2.41313280826388,2.29608212578071,0.0221120599846338,0.0307889442824015,-4.26085270834731
"hsa.mir.320b.1",-0.898094459141605,0.908792631948587,-2.14171712257892,0.032731590267945,0.0448657312083981,-4.59602885170113
"hsa.mir.378c",-0.678708178706647,3.51360256301669,-2.15813371312143,0.0314251077997689,0.0434812812323846,-4.65592228931174
"hsa.mir.105.1",-1.79560237515501,-0.307433010312507,-2.05847734230897,0.0400970552863672,0.0546213756222959,-4.76688031641571
"hsa.mir.200b",0.599174940302474,10.9216836585068,2.21056721958246,0.0275485122290467,0.0382376825892131,-4.81180841854063
"hsa.mir.629",-0.597690043068613,6.80089484509142,-2.14774745501038,0.0322463545616889,0.0443982053916087,-4.86618322406259
"hsa.mir.491",-0.694692632110491,1.28963624707416,-2.00223105100613,0.04583608812703,0.0620550116181329,-4.88054242969327
"hsa.mir.550a.3",-0.736963886820973,0.505505317215584,-1.99748042113729,0.046351124603396,0.0625598000782032,-4.88850474043191
"hsa.mir.381",0.644450716134659,5.1884766682011,2.05248826415395,0.0406775320921139,0.0552410929645991,-4.90723753025739
"hsa.mir.146b",-0.638850674490133,8.91782823031435,-2.14720681360166,0.03228960392117,0.0443982053916087,-4.93035492843827
"hsa.mir.3065",1.10316617798702,3.12926332154162,1.97535407084629,0.0488147828785196,0.0656834998977022,-4.93504859326051
"hsa.mir.377",-0.709542654390067,1.69099426582465,-1.94495603065572,0.0523785222944353,0.0702638713705839,-4.99416674844082
"hsa.mir.3682",0.710570088050488,-0.15871750506905,1.91754975720703,0.0557761708460402,0.074594271040297,-5.04233303228453
"hsa.mir.532",-0.591194940322282,10.2396037667667,-2.09671454521996,0.0365547428923491,0.0499505803497938,-5.06427120928372
"hsa.mir.6837",-0.643670652909263,-0.144919960847655,-1.87708183167124,0.0611283890847085,0.0815045187796113,-5.11782913472745
"hsa.mir.4791",0.902452028169424,0.034652705046238,1.86419337252878,0.062920087945152,0.0836399960600208,-5.14160950510611
"hsa.mir.3610",-0.735954909620992,0.155952832871614,-1.85681492586496,0.0639652675688591,0.0847732461755964,-5.15502724229252
"hsa.mir.4444.2",0.73525457874858,-0.132669890885191,1.83799004561707,0.0666971728111918,0.0878645390327078,-5.18930909402313
"hsa.mir.7705",0.760445970684924,-0.110636636042696,1.80544024279255,0.0716479573086061,0.0941047797486169,-5.24767352158768
"hsa.mir.128.2",0.533647996236848,5.51099823878384,1.84484255146209,0.0656917700195732,0.0867999363621988,-5.3409116367234
"hsa.mir.6806",-0.607016099065792,-0.331229279237872,-1.62449633334718,0.1049428154153,0.136611949061337,-5.55330523633232
"hsa.mir.3937",-1.03800972915924,-0.618367256679864,-1.6092517215838,0.108235249983658,0.140069147037675,-5.57757508900637
"hsa.mir.4786",-0.622364543044112,-0.308339977639778,-1.57039965004799,0.116997617508312,0.150964667752661,-5.63850053229002
"hsa.mir.27b",0.461302773351513,10.204223534972,1.78130545019696,0.0755106501238232,0.0988829942097685,-5.6455834012652
"hsa.mir.1269a",-2.08158732189765,2.87209721474738,-1.64838442587488,0.0999445597180614,0.130491413281742,-5.66552647896396
"hsa.mir.511",0.68137821911219,2.76716531662548,1.53090592008686,0.126467923287417,0.162707269726501,-5.70192765278948
"hsa.mir.675",-1.29572188965787,3.51550721053177,-1.6168597485831,0.106582007258254,0.138336528594784,-5.70844401482325
"hsa.mir.3913.1",0.537770585184618,-0.121839490269425,1.49132816266639,0.136548706219195,0.174149074598394,-5.75791222963401
"hsa.mir.323b",-0.797314456571103,2.14122557728607,-1.49895951903911,0.134557990905856,0.172109058135397,-5.76069008594094
"hsa.mir.643",0.545473309640189,-0.320297775592586,1.44767200963849,0.148377980730164,0.188144989974847,-5.82118656971583
"hsa.mir.654",0.540961304390708,4.48426975354209,1.47237914651993,0.141590322157798,0.180057057079281,-5.86879440195943
"hsa.mir.216a",0.660513471209468,0.012417833977602,1.38332788548687,0.16722351760344,0.208606888594522,-5.91112895956037
"hsa.mir.320b.2",-0.595724513257787,1.62790698844637,-1.38288367666162,0.167359617440605,0.208606888594522,-5.91436551693337
"hsa.mir.570",0.561650653348441,-0.30457707563448,1.36967398197109,0.171445151451898,0.213095668471286,-5.92963840650641
"hsa.mir.99a",-0.785920992442086,6.35829880889759,-1.51192621914665,0.131227204741599,0.168338105207882,-6.00909306184712
"hsa.mir.3131",-0.843887864476526,0.987732488593423,-1.27865903060027,0.201650520205385,0.249733514183227,-6.04947091246215
"hsa.mir.551b",-0.628194550842384,-0.519285486071181,-1.27750477442599,0.202057116020974,0.249733514183227,-6.05009511960877
"hsa.mir.3662",0.543243947345521,-0.322191793641415,1.19048120355194,0.234460488509445,0.287361044412691,-6.1562110663528
"hsa.mir.155",0.549689733730543,8.08655918396953,1.41718399024903,0.157094146230764,0.198055657139072,-6.16041499579008
"hsa.mir.380",0.47013609605675,-0.395959392859819,1.17327816771722,0.241280738327799,0.294898680178421,-6.17629884383324
"hsa.mir.1262",-0.463828825627089,0.0897491095852403,-1.16241447191078,0.245659244432314,0.299418469668195,-6.1888613173908
"hsa.mir.345",-0.4744725058185,4.06347264833367,-1.25824780563635,0.208929183452789,0.256784471282758,-6.19435678833591
"hsa.mir.376a.2",0.436033181318243,-0.429701241434724,1.15222901192074,0.24981489277635,0.303345799831033,-6.20048717816231
"hsa.mir.103a.1",0.42858272570457,12.5089071445056,1.44538528316211,0.149018596800327,0.188414317793517,-6.22721961291733
"hsa.mir.624",0.37600412181451,0.249296245369115,1.12730184661526,0.260192208909601,0.313656361425273,-6.22868243712968
"hsa.mir.616",-0.607496109744559,1.86112568728965,-1.12796610394576,0.259911849907289,0.313656361425273,-6.23188570553608
"hsa.mir.5703",-0.464105140043063,-0.454995499968267,-1.12397412850313,0.261599878708155,0.314491657463355,-6.23227184072292
"hsa.mir.503",0.538379606919108,2.86204120892914,1.08668805354124,0.277733768933276,0.332072984594134,-6.27738067876984
"hsa.mir.194.2",0.397280333576777,13.1394793634684,1.40181597375568,0.161632717688189,0.203195416522294,-6.29457893687953
"hsa.mir.103a.2",0.40985872106643,12.5306907015201,1.39393920138869,0.163997096498561,0.205580405867142,-6.3001586031551
"hsa.mir.6854",0.415311631614711,-0.223953012883539,1.05619048193603,0.291425811182061,0.347499612249613,-6.30535124218919
"hsa.mir.499a",0.546495760967248,-0.319589227438769,1.02121164121927,0.307681487618915,0.362963913945371,-6.34127318917629
"hsa.mir.4772",-0.489888188340879,2.82008328741614,-1.05342942441049,0.292687498250644,0.348060808730496,-6.34247732770975
"hsa.mir.550a.2",-0.37677190941692,1.84530415113004,-1.0211843339325,0.307694408867326,0.362963913945371,-6.34414927600666
"hsa.mir.5683",0.615734663304145,-0.253833146453177,0.984767123780073,0.325247027021881,0.38162317837234,-6.37743616890656
"hsa.mir.154",0.358106166862128,2.47206021416894,0.954310214186287,0.340419021385346,0.398362684599873,-6.40950991182906
"hsa.mir.659",-0.349891933439698,0.260183261790652,-0.949893599900023,0.342656322309459,0.398893034013447,-6.4108476776396
"hsa.mir.6761",-0.39246513088585,0.78855977571765,-0.949836361111802,0.342685379220643,0.398893034013447,-6.41099512237537
"hsa.mir.299",-0.338414209417741,1.7573928859136,-0.94561091855517,0.34483476180508,0.399825464209159,-6.41707007442317
"hsa.mir.100",-0.548110452525903,10.3411638512539,-1.27318906309183,0.203582670485337,0.250914215724224,-6.44042505826049
"hsa.mir.676",-0.456852973652873,-0.603944469239345,-0.913617667675158,0.361387955103285,0.416713484767441,-6.44422475884636
"hsa.mir.3913.2",0.317970810024752,-0.0750498946516827,0.91154553324854,0.362477034451093,0.416713484767441,-6.4461463979499
"hsa.mir.1247",-0.870855741551604,7.25297357053268,-1.15114443184229,0.250260284860603,0.303345799831033,-6.51753878045457
"hsa.mir.128.1",-0.267595000433294,6.1287830712319,-1.09520835090531,0.273988369277665,0.328487418207555,-6.51873368767957
"hsa.mir.548f.1",0.437091653812915,-0.427494417557639,0.816840661481146,0.414434873806255,0.472412809520084,-6.52710517500151
"hsa.mir.545",0.322612249267037,-0.539881898552986,0.806140902730184,0.420570820135298,0.478168374314034,-6.53569277833935
"hsa.mir.4999",0.330826177802284,-0.334093131964753,0.796335885765227,0.426240376281047,0.481094839951282,-6.54348403551596
"hsa.mir.559",0.322465979065888,-0.539263923390843,0.796017932922237,0.426424971775,0.481094839951282,-6.54372025094944
"hsa.mir.550a.1",-0.265134800935879,1.8689101981573,-0.778891659654747,0.436436975646504,0.49038315262398,-6.55952855442131
"hsa.mir.4661",-0.352047367424953,1.93111179195059,-0.742434386282166,0.458196456377687,0.511691474127366,-6.58779346955643
"hsa.mir.18b",-0.294143712818847,-0.575966713786795,-0.737944778519092,0.460917661528616,0.513427268538206,-6.58781432154875
"hsa.mir.769",0.208651605075664,4.85944994734904,0.88390276140853,0.377202306343494,0.43108835010685,-6.60820898397649
"hsa.mir.656",0.272738424066176,-0.589232916302764,0.705328602028959,0.480956476626906,0.534396085141006,-6.61111964529152
"hsa.mir.148b",-0.271944884541009,7.19134020518222,-1.03940076364608,0.299154787230891,0.354792739573024,-6.61713119005884
"hsa.mir.9.1",0.543656142925789,6.0100439180892,0.944691065961102,0.345303809998819,0.399825464209159,-6.61988406139859
"hsa.mir.4636",-0.347649871331946,0.091520861686019,-0.67070845281407,0.502736953313873,0.557189570423436,-6.63477223294775
"hsa.mir.6755",-0.2515712874824,-0.526154101220638,-0.661366150438835,0.508702818892012,0.562385025910766,-6.64087184168883
"hsa.mir.514a.3",0.391890220182796,-0.471750676213618,0.648769716837942,0.516805280876786,0.569910585428034,-6.64904764928713
"hsa.mir.9.3",0.517982201777565,6.00987602736478,0.9071106956633,0.364814831941438,0.418016994932897,-6.65586675826643
"hsa.mir.514a.1",0.375848504464389,-0.487479016827404,0.633960463953721,0.526416184168725,0.579057802585597,-6.65845357507932
"hsa.mir.212",0.272517376362156,2.39383934145059,0.624829668261496,0.532387201613025,0.584165508004317,-6.66721768721563
"hsa.mir.134",0.324451360378594,8.36627766120596,1.00988663833258,0.313071161282318,0.368319013273316,-6.66761214118455
"hsa.mir.4444.1",0.240731717385181,-0.620009814924915,0.613274844992619,0.539992390397377,0.589925047835902,-6.67122325923638
"hsa.mir.4684",-0.259652459557449,-0.68606953509029,-0.604818243359241,0.545592739393738,0.591942135454278,-6.67632180969702
"hsa.mir.580",0.225075579965698,-0.635791841133441,0.603902145420086,0.546201152260084,0.591942135454278,-6.67687239682495
"hsa.mir.20b",-0.407233293528856,2.10235201703903,-0.612782404178586,0.540317714267883,0.589925047835902,-6.67734138107482
"hsa.mir.7974",0.290185525230101,-0.215726812910327,0.582811304824305,0.560300885139362,0.604246052601273,-6.68929971814608
"hsa.mir.500b",-0.238187950020108,2.67274172463484,-0.606186044866332,0.544684962482194,0.591942135454278,-6.69392423672307
"hsa.mir.514a.2",0.347903822928004,-0.514817170211162,0.568371277043765,0.570055351490407,0.613262480820975,-6.69750737604777
"hsa.mir.4473",0.269176726729752,0.310984473826352,0.546016425637472,0.58531468436916,0.626614260638517,-6.70998187008439
"hsa.mir.509.3",-0.327308469328672,0.58556304526004,-0.53397139947378,0.593614718888163,0.633957466773766,-6.71640343050196
"hsa.mir.3607",0.570517269170073,5.86767334101915,0.797855079116776,0.425359016215112,0.481094839951282,-6.72700488176343
"hsa.mir.410",-0.263679437148869,3.11023950764942,-0.587645140432003,0.557053775164238,0.602220297474852,-6.73169795239997
"hsa.mir.509.2",-0.277356118752555,0.465855380190505,-0.446843399666103,0.655194729471182,0.696342224558745,-6.75873353724175
"hsa.mir.502",-0.150329567583273,3.41259937147284,-0.548575309819525,0.583558387375853,0.626257781574086,-6.76221199924044
"hsa.mir.9.2",0.440504495171212,6.0217346158163,0.773097947014535,0.43985449302975,0.492457956572748,-6.7730981465469
"hsa.mir.5580",-0.191247455805649,-0.73348640347133,-0.4061256935744,0.684835778361164,0.724832704737218,-6.77582081246951
"hsa.mir.3117",0.138715024001013,-0.720275237608811,0.372623358250786,0.709597384974142,0.746944615762254,-6.78874826790652
"hsa.mir.4461",-0.154251352036614,-0.201357029914925,-0.3102342939057,0.756520823417099,0.792545624532199,-6.80989395571204
"hsa.mir.181c",-0.234003823293404,6.11849241590735,-0.778127565363873,0.436886808701364,0.49038315262398,-6.8114595311211
"hsa.mir.4652",0.142637126515865,-0.241424757042557,0.235888477387222,0.813622348163788,0.848326618938547,-6.83001041956042
"hsa.mir.5699",-0.0850204206544369,-0.568549239841777,-0.222832715475214,0.823762872790822,0.85484826421689,-6.83295302106903
"hsa.mir.4724",0.102965883348291,-0.150696078603414,0.218377148151849,0.827230409257215,0.856426776642764,-6.83396406520725
"hsa.mir.487b",0.0812726591123334,1.94975548774474,0.224605892745074,0.822383856571686,0.85484826421689,-6.83441666997101
"hsa.mir.34b",0.0741875516295202,-0.599709504501057,0.184843372782625,0.853431918168235,0.878921916188602,-6.84062707712517
"hsa.mir.581",-0.0722288565072728,-0.672829642062897,-0.177411623844712,0.85926179396362,0.881294147654994,-6.8419581797596
"hsa.mir.1304",0.129906906903502,0.632327316299976,0.174014168881299,0.861929531962177,0.881974404798507,-6.84277766707705
"hsa.mir.3664",0.0693288126395297,-0.595021132736899,0.160344969064561,0.872678484893104,0.89090146949644,-6.84481842523842
"hsa.mir.374c",0.101966476496927,-0.75673335377529,0.146257095137677,0.883781377571819,0.895999553298618,-6.84695337196026
"hsa.mir.34c",-0.0697800520133853,1.33435652129067,-0.14793936257045,0.882454305085271,0.895999553298618,-6.84734496939505
"hsa.mir.942",-0.121000359289512,3.36639129645023,-0.328744722102221,0.742495619674018,0.779709003953623,-6.85159091793658
"hsa.mir.3136",-0.0401826023333099,-0.517006535333189,-0.0947019125694545,0.924592109756428,0.933074606176212,-6.85311991898846
"hsa.mir.30a",0.244100120964664,12.3469164941989,0.911064509807239,0.362730146968023,0.416713484767441,-6.85322163258722
"hsa.mir.3170",0.0253520181892965,0.879182868895841,0.0532001225893169,0.957595146644169,0.964169026369415,-6.8564554636664
"hsa.mir.548v",-0.0237807677486823,-0.0651643025164817,-0.0458759645996424,0.963428669519307,0.965623267855342,-6.85656885028557
"hsa.mir.509.1",0.0289637512080108,0.465549670018036,0.0476980101866015,0.961977256494935,0.965623267855342,-6.85661298194401
"hsa.mir.4766",-0.00406490499446461,-0.860952328506026,-0.0100258265869679,0.992004951753989,0.992004951753989,-6.85750313774951
"hsa.mir.539",-0.0466636281252068,2.98492611051848,-0.117523513796624,0.906495604372564,0.916915094077996,-6.87041665422009
"hsa.mir.362",0.0722103931539239,4.17407399550826,0.156597638812155,0.875629457383166,0.891844817705076,-6.94007815108857
"hsa.mir.195",-0.104116327356438,4.59482568831377,-0.260793301388839,0.794366562684981,0.830216835110194,-6.97058740392635
"hsa.mir.222",-0.0995472943283064,6.36982473344859,-0.375155458134959,0.70771472057576,0.746749345451641,-7.04674847103587
"hsa.mir.425",0.12293952532789,8.33277177576424,0.405498439389168,0.685296375387915,0.724832704737218,-7.09888007353892
"hsa.mir.221",-0.050491254956059,7.63966309611041,-0.205825934841902,0.837016336128207,0.864523915249791,-7.1420694106922
"hsa.mir.93",-0.146498922009278,12.1528194228949,-0.500723585498993,0.616800944043356,0.657124492443285,-7.14359481707711
"hsa.mir.210",-0.114488860128441,9.22995249794893,-0.182905518109667,0.854951318474367,0.878921916188602,-7.19541314038499
